{
  "id": "1036960",
  "name": "icon",
  "font_family": "iconfont",
  "css_prefix_text": "el-icon-wqs-",
  "description": "",
  "glyphs": [
    {
      "icon_id": "151814",
      "name": "验证码",
      "font_class": "yanzhengma",
      "unicode": "e640",
      "unicode_decimal": 58944
    },
    {
      "icon_id": "1270847",
      "name": "短信验证码",
      "font_class": "duanxinyanzhengma",
      "unicode": "e6b1",
      "unicode_decimal": 59057
    },
    {
      "icon_id": "1839083",
      "name": "短信验证码",
      "font_class": "yanzhengma4",
      "unicode": "e60e",
      "unicode_decimal": 58894
    },
    {
      "icon_id": "2690134",
      "name": "开荒保洁",
      "font_class": "kaihuangbaojie",
      "unicode": "e624",
      "unicode_decimal": 58916
    },
    {
      "icon_id": "2945762",
      "name": "车辆资料",
      "font_class": "cheliangziliao",
      "unicode": "e60c",
      "unicode_decimal": 58892
    },
    {
      "icon_id": "2958996",
      "name": "车辆档案",
      "font_class": "cheliangdangan",
      "unicode": "e616",
      "unicode_decimal": 58902
    },
    {
      "icon_id": "2959002",
      "name": "车辆类型",
      "font_class": "cheliangleixing",
      "unicode": "e61a",
      "unicode_decimal": 58906
    },
    {
      "icon_id": "3591515",
      "name": "保洁管理",
      "font_class": "baojieguanli",
      "unicode": "e6e2",
      "unicode_decimal": 59106
    },
    {
      "icon_id": "3868257",
      "name": "调试",
      "font_class": "tiaoshi",
      "unicode": "eb61",
      "unicode_decimal": 60257
    },
    {
      "icon_id": "3879948",
      "name": "保洁服务",
      "font_class": "baojiefuwu",
      "unicode": "e69f",
      "unicode_decimal": 59039
    },
    {
      "icon_id": "4686545",
      "name": "刷新",
      "font_class": "shuaxin",
      "unicode": "ec08",
      "unicode_decimal": 60424
    },
    {
      "icon_id": "4893191",
      "name": "文件夹",
      "font_class": "wenjianjia",
      "unicode": "ec17",
      "unicode_decimal": 60439
    },
    {
      "icon_id": "5595026",
      "name": "保洁计划",
      "font_class": "baojiejihua",
      "unicode": "e629",
      "unicode_decimal": 58921
    },
    {
      "icon_id": "5595028",
      "name": "保洁任务",
      "font_class": "baojierenwu",
      "unicode": "e62a",
      "unicode_decimal": 58922
    },
    {
      "icon_id": "5888209",
      "name": "保洁清洁",
      "font_class": "baojieqingjie",
      "unicode": "e6bf",
      "unicode_decimal": 59071
    },
    {
      "icon_id": "5928198",
      "name": "蓝牙",
      "font_class": "lanya",
      "unicode": "ec4a",
      "unicode_decimal": 60490
    },
    {
      "icon_id": "5930292",
      "name": "Wi-Fi",
      "font_class": "Wi-Fi",
      "unicode": "ec4b",
      "unicode_decimal": 60491
    },
    {
      "icon_id": "5961324",
      "name": "路由器",
      "font_class": "luyouqi",
      "unicode": "ec62",
      "unicode_decimal": 60514
    },
    {
      "icon_id": "5961392",
      "name": "mysql",
      "font_class": "mysql",
      "unicode": "ec6d",
      "unicode_decimal": 60525
    },
    {
      "icon_id": "5983235",
      "name": "短信验证码",
      "font_class": "duanxinyanzhengma1",
      "unicode": "e74b",
      "unicode_decimal": 59211
    },
    {
      "icon_id": "6077725",
      "name": "车辆管理",
      "font_class": "cheliangguanli",
      "unicode": "e61d",
      "unicode_decimal": 58909
    },
    {
      "icon_id": "6242321",
      "name": "验证码",
      "font_class": "yanzhengma1",
      "unicode": "e638",
      "unicode_decimal": 58936
    },
    {
      "icon_id": "6260159",
      "name": "验证码",
      "font_class": "-",
      "unicode": "e628",
      "unicode_decimal": 58920
    },
    {
      "icon_id": "6337455",
      "name": "点赞",
      "font_class": "dianzan",
      "unicode": "ec7f",
      "unicode_decimal": 60543
    },
    {
      "icon_id": "6337457",
      "name": "插入图片",
      "font_class": "charutupian",
      "unicode": "ec80",
      "unicode_decimal": 60544
    },
    {
      "icon_id": "6337498",
      "name": "编辑",
      "font_class": "tianxie",
      "unicode": "ec88",
      "unicode_decimal": 60552
    },
    {
      "icon_id": "6348676",
      "name": "硬件",
      "font_class": "yingjian",
      "unicode": "ec89",
      "unicode_decimal": 60553
    },
    {
      "icon_id": "6348833",
      "name": "设备开发",
      "font_class": "shebeikaifa",
      "unicode": "ec8b",
      "unicode_decimal": 60555
    },
    {
      "icon_id": "6380878",
      "name": "点赞_块",
      "font_class": "dianzan_kuai",
      "unicode": "ec8c",
      "unicode_decimal": 60556
    },
    {
      "icon_id": "6537368",
      "name": "保洁服务",
      "font_class": "baojiefuwu1",
      "unicode": "e636",
      "unicode_decimal": 58934
    },
    {
      "icon_id": "6624626",
      "name": "开荒保洁",
      "font_class": "kaihuangbaojie1",
      "unicode": "e639",
      "unicode_decimal": 58937
    },
    {
      "icon_id": "6724513",
      "name": "保洁员",
      "font_class": "baojieyuan",
      "unicode": "e637",
      "unicode_decimal": 58935
    },
    {
      "icon_id": "6776383",
      "name": "摄像头_关闭",
      "font_class": "shexiangtou_guanbi",
      "unicode": "eca5",
      "unicode_decimal": 60581
    },
    {
      "icon_id": "6776384",
      "name": "摄像头",
      "font_class": "shexiangtou",
      "unicode": "eca6",
      "unicode_decimal": 60582
    },
    {
      "icon_id": "6776386",
      "name": "声音_实体",
      "font_class": "shengyin_shiti",
      "unicode": "eca7",
      "unicode_decimal": 60583
    },
    {
      "icon_id": "6776387",
      "name": "声音开",
      "font_class": "shengyinkai",
      "unicode": "eca8",
      "unicode_decimal": 60584
    },
    {
      "icon_id": "7119846",
      "name": "首页",
      "font_class": "shouye",
      "unicode": "e73d",
      "unicode_decimal": 59197
    },
    {
      "icon_id": "7120353",
      "name": "喜欢",
      "font_class": "xihuan",
      "unicode": "e742",
      "unicode_decimal": 59202
    },
    {
      "icon_id": "7120361",
      "name": "我的",
      "font_class": "wode",
      "unicode": "e743",
      "unicode_decimal": 59203
    },
    {
      "icon_id": "7120369",
      "name": "安全",
      "font_class": "anquan",
      "unicode": "e744",
      "unicode_decimal": 59204
    },
    {
      "icon_id": "7120443",
      "name": "历史",
      "font_class": "lishi",
      "unicode": "e745",
      "unicode_decimal": 59205
    },
    {
      "icon_id": "7120520",
      "name": "会员",
      "font_class": "huiyuan",
      "unicode": "e74a",
      "unicode_decimal": 59210
    },
    {
      "icon_id": "7121696",
      "name": "说明",
      "font_class": "shuoming",
      "unicode": "e75d",
      "unicode_decimal": 59229
    },
    {
      "icon_id": "7226152",
      "name": "咨询",
      "font_class": "zixun",
      "unicode": "e60f",
      "unicode_decimal": 58895
    },
    {
      "icon_id": "7226718",
      "name": "邮箱",
      "font_class": "youxiang",
      "unicode": "e610",
      "unicode_decimal": 58896
    },
    {
      "icon_id": "7227165",
      "name": "QQ",
      "font_class": "QQ",
      "unicode": "e611",
      "unicode_decimal": 58897
    },
    {
      "icon_id": "7227344",
      "name": "地址",
      "font_class": "dizhi",
      "unicode": "e612",
      "unicode_decimal": 58898
    },
    {
      "icon_id": "7233046",
      "name": "退出",
      "font_class": "tuichu",
      "unicode": "e613",
      "unicode_decimal": 58899
    },
    {
      "icon_id": "7233630",
      "name": "搜索",
      "font_class": "sousuo",
      "unicode": "e614",
      "unicode_decimal": 58900
    },
    {
      "icon_id": "7234013",
      "name": "项目管理",
      "font_class": "xiangmuguanli",
      "unicode": "e615",
      "unicode_decimal": 58901
    },
    {
      "icon_id": "7235211",
      "name": "用户",
      "font_class": "yonghu",
      "unicode": "e617",
      "unicode_decimal": 58903
    },
    {
      "icon_id": "7235532",
      "name": "账号",
      "font_class": "zhanghao",
      "unicode": "e618",
      "unicode_decimal": 58904
    },
    {
      "icon_id": "7235977",
      "name": "密码",
      "font_class": "mima",
      "unicode": "e619",
      "unicode_decimal": 58905
    },
    {
      "icon_id": "7238140",
      "name": "修改密码",
      "font_class": "xiugaimima",
      "unicode": "e61c",
      "unicode_decimal": 58908
    },
    {
      "icon_id": "7252164",
      "name": "批阅管理",
      "font_class": "piyueguanli",
      "unicode": "e61e",
      "unicode_decimal": 58910
    },
    {
      "icon_id": "7254035",
      "name": "成绩统计",
      "font_class": "chengjitongji",
      "unicode": "e61f",
      "unicode_decimal": 58911
    },
    {
      "icon_id": "7257365",
      "name": "系统管理",
      "font_class": "xitongguanli",
      "unicode": "e620",
      "unicode_decimal": 58912
    },
    {
      "icon_id": "7257544",
      "name": "全部管理",
      "font_class": "quanbuguanli",
      "unicode": "e621",
      "unicode_decimal": 58913
    },
    {
      "icon_id": "7257667",
      "name": "下载",
      "font_class": "xiazai",
      "unicode": "e622",
      "unicode_decimal": 58914
    },
    {
      "icon_id": "7257710",
      "name": "上传",
      "font_class": "shangchuan",
      "unicode": "e623",
      "unicode_decimal": 58915
    },
    {
      "icon_id": "7258111",
      "name": "考生管理",
      "font_class": "kaoshengguanli",
      "unicode": "e625",
      "unicode_decimal": 58917
    },
    {
      "icon_id": "7258288",
      "name": "教师管理",
      "font_class": "jiaoshiguanli",
      "unicode": "e626",
      "unicode_decimal": 58918
    },
    {
      "icon_id": "7258456",
      "name": "上线信息",
      "font_class": "shangxianxinxi",
      "unicode": "e627",
      "unicode_decimal": 58919
    },
    {
      "icon_id": "7317358",
      "name": "知识点标定",
      "font_class": "zhishidianbiaoding",
      "unicode": "e62b",
      "unicode_decimal": 58923
    },
    {
      "icon_id": "7338611",
      "name": "扫描",
      "font_class": "saomiao",
      "unicode": "e62d",
      "unicode_decimal": 58925
    },
    {
      "icon_id": "7338771",
      "name": "新建",
      "font_class": "xinjian",
      "unicode": "e630",
      "unicode_decimal": 58928
    },
    {
      "icon_id": "7361129",
      "name": "记录抽查",
      "font_class": "jiluchoucha",
      "unicode": "e634",
      "unicode_decimal": 58932
    },
    {
      "icon_id": "7365608",
      "name": "新手引导",
      "font_class": "xinshouyindao",
      "unicode": "e63a",
      "unicode_decimal": 58938
    },
    {
      "icon_id": "7534762",
      "name": "删除",
      "font_class": "shanchu",
      "unicode": "e63b",
      "unicode_decimal": 58939
    },
    {
      "icon_id": "7556164",
      "name": "关闭",
      "font_class": "guanbi",
      "unicode": "e602",
      "unicode_decimal": 58882
    },
    {
      "icon_id": "7556167",
      "name": "解锁",
      "font_class": "jiesuo",
      "unicode": "e603",
      "unicode_decimal": 58883
    },
    {
      "icon_id": "7556168",
      "name": "关闭全屏",
      "font_class": "guanbiquanping",
      "unicode": "e604",
      "unicode_decimal": 58884
    },
    {
      "icon_id": "7556170",
      "name": "全屏",
      "font_class": "quanping",
      "unicode": "e605",
      "unicode_decimal": 58885
    },
    {
      "icon_id": "7556175",
      "name": "用户",
      "font_class": "yonghu1",
      "unicode": "e606",
      "unicode_decimal": 58886
    },
    {
      "icon_id": "7556177",
      "name": "锁定",
      "font_class": "suoding",
      "unicode": "e607",
      "unicode_decimal": 58887
    },
    {
      "icon_id": "7556178",
      "name": "保存",
      "font_class": "baocun",
      "unicode": "e608",
      "unicode_decimal": 58888
    },
    {
      "icon_id": "7556181",
      "name": "下一步",
      "font_class": "xiayibu",
      "unicode": "e609",
      "unicode_decimal": 58889
    },
    {
      "icon_id": "7556295",
      "name": "返回",
      "font_class": "fanhui1",
      "unicode": "e60a",
      "unicode_decimal": 58890
    },
    {
      "icon_id": "7560394",
      "name": "日历",
      "font_class": "rili",
      "unicode": "e63c",
      "unicode_decimal": 58940
    },
    {
      "icon_id": "7561425",
      "name": "缩小",
      "font_class": "suoxiao",
      "unicode": "e63d",
      "unicode_decimal": 58941
    },
    {
      "icon_id": "7561426",
      "name": "放大",
      "font_class": "fangda",
      "unicode": "e63e",
      "unicode_decimal": 58942
    },
    {
      "icon_id": "7596150",
      "name": "Add",
      "font_class": "Add",
      "unicode": "e62c",
      "unicode_decimal": 58924
    },
    {
      "icon_id": "7596153",
      "name": "Clock",
      "font_class": "Clock",
      "unicode": "e62e",
      "unicode_decimal": 58926
    },
    {
      "icon_id": "7596162",
      "name": "Compass",
      "font_class": "Compass",
      "unicode": "e62f",
      "unicode_decimal": 58927
    },
    {
      "icon_id": "7596163",
      "name": "Mobile",
      "font_class": "Mobile",
      "unicode": "e631",
      "unicode_decimal": 58929
    },
    {
      "icon_id": "7596166",
      "name": "Camera",
      "font_class": "Camera",
      "unicode": "e632",
      "unicode_decimal": 58930
    },
    {
      "icon_id": "7596180",
      "name": "Stop",
      "font_class": "Stop",
      "unicode": "e633",
      "unicode_decimal": 58931
    },
    {
      "icon_id": "7596189",
      "name": "Save",
      "font_class": "Save",
      "unicode": "e635",
      "unicode_decimal": 58933
    },
    {
      "icon_id": "7598948",
      "name": "T-恤",
      "font_class": "shangyi-",
      "unicode": "e60b",
      "unicode_decimal": 58891
    },
    {
      "icon_id": "7606990",
      "name": "设置-资产字段",
      "font_class": "shezhi-zichanziduan",
      "unicode": "e642",
      "unicode_decimal": 58946
    },
    {
      "icon_id": "7606994",
      "name": "设置-账号管理",
      "font_class": "shezhi-zhanghaoguanli",
      "unicode": "e643",
      "unicode_decimal": 58947
    },
    {
      "icon_id": "7606996",
      "name": "设置-功能配置",
      "font_class": "shezhi-gongnengpeizhi",
      "unicode": "e644",
      "unicode_decimal": 58948
    },
    {
      "icon_id": "7606999",
      "name": "设置-工种配置",
      "font_class": "shezhi-gongzhongpeizhi",
      "unicode": "e645",
      "unicode_decimal": 58949
    },
    {
      "icon_id": "7607031",
      "name": "OA-已接单",
      "font_class": "OA-yijiedan",
      "unicode": "e648",
      "unicode_decimal": 58952
    },
    {
      "icon_id": "7607032",
      "name": "OA-待处理",
      "font_class": "OA-daichuli",
      "unicode": "e649",
      "unicode_decimal": 58953
    },
    {
      "icon_id": "7607033",
      "name": "OA-已完成",
      "font_class": "OA-yiwancheng",
      "unicode": "e64a",
      "unicode_decimal": 58954
    },
    {
      "icon_id": "7607098",
      "name": "报告-保修信息",
      "font_class": "baogao-baoxiuxinxi",
      "unicode": "e64c",
      "unicode_decimal": 58956
    },
    {
      "icon_id": "7607099",
      "name": "报告-使用年限",
      "font_class": "baogao-shiyongnianxian",
      "unicode": "e64d",
      "unicode_decimal": 58957
    },
    {
      "icon_id": "7607100",
      "name": "报告-时效统计",
      "font_class": "baogao-shixiaotongji",
      "unicode": "e64e",
      "unicode_decimal": 58958
    },
    {
      "icon_id": "7607102",
      "name": "报告-厂商统计",
      "font_class": "baogao-changshangtongji",
      "unicode": "e64f",
      "unicode_decimal": 58959
    },
    {
      "icon_id": "7607103",
      "name": "报告-供应商统计",
      "font_class": "baogao-gongyingshangtongji",
      "unicode": "e650",
      "unicode_decimal": 58960
    },
    {
      "icon_id": "7607105",
      "name": "报告-终端统计",
      "font_class": "baogao-zhongduantongji",
      "unicode": "e651",
      "unicode_decimal": 58961
    },
    {
      "icon_id": "7607106",
      "name": "报告-终端故障",
      "font_class": "baogao-zhongduanguzhang",
      "unicode": "e652",
      "unicode_decimal": 58962
    },
    {
      "icon_id": "7607137",
      "name": "资产-安全设备",
      "font_class": "zichan-anquanshebei",
      "unicode": "e653",
      "unicode_decimal": 58963
    },
    {
      "icon_id": "7607138",
      "name": "资产-电脑",
      "font_class": "zichan-diannao",
      "unicode": "e654",
      "unicode_decimal": 58964
    },
    {
      "icon_id": "7607142",
      "name": "资产-回收站",
      "font_class": "zichan-huishouzhan",
      "unicode": "e655",
      "unicode_decimal": 58965
    },
    {
      "icon_id": "7607144",
      "name": "资产-机房设备",
      "font_class": "zichan-jifangshebei",
      "unicode": "e656",
      "unicode_decimal": 58966
    },
    {
      "icon_id": "7607145",
      "name": "资产-服务器",
      "font_class": "zichan-fuwuqi",
      "unicode": "e657",
      "unicode_decimal": 58967
    },
    {
      "icon_id": "7607146",
      "name": "资产-全部设备",
      "font_class": "zichan-quanbushebei",
      "unicode": "e658",
      "unicode_decimal": 58968
    },
    {
      "icon_id": "7626017",
      "name": "资源 84",
      "font_class": "ziyuan",
      "unicode": "e7c3",
      "unicode_decimal": 59331
    },
    {
      "icon_id": "7626021",
      "name": "资源 90",
      "font_class": "ziyuan1",
      "unicode": "e7c4",
      "unicode_decimal": 59332
    },
    {
      "icon_id": "7626218",
      "name": "返回",
      "font_class": "fanhui",
      "unicode": "e7ca",
      "unicode_decimal": 59338
    },
    {
      "icon_id": "7626223",
      "name": "微信支付",
      "font_class": "weixinzhifu",
      "unicode": "e7cb",
      "unicode_decimal": 59339
    },
    {
      "icon_id": "7626224",
      "name": "小米",
      "font_class": "xiaomi",
      "unicode": "e7cc",
      "unicode_decimal": 59340
    },
    {
      "icon_id": "7626226",
      "name": "微信",
      "font_class": "weixin",
      "unicode": "e7cd",
      "unicode_decimal": 59341
    },
    {
      "icon_id": "7626228",
      "name": "支付宝",
      "font_class": "zhifubao",
      "unicode": "e7ce",
      "unicode_decimal": 59342
    },
    {
      "icon_id": "7626233",
      "name": "设置选中",
      "font_class": "shezhixuanzhong",
      "unicode": "e7cf",
      "unicode_decimal": 59343
    },
    {
      "icon_id": "8175764",
      "name": "验证码",
      "font_class": "yanzhengma2",
      "unicode": "e601",
      "unicode_decimal": 58881
    },
    {
      "icon_id": "9559049",
      "name": "车辆",
      "font_class": "ziyuan2",
      "unicode": "e61b",
      "unicode_decimal": 58907
    },
    {
      "icon_id": "9725343",
      "name": "保洁户型",
      "font_class": "baojiehuxing",
      "unicode": "e6a4",
      "unicode_decimal": 59044
    },
    {
      "icon_id": "9826077",
      "name": "验证码",
      "font_class": "yanzhengma3",
      "unicode": "e60d",
      "unicode_decimal": 58893
    },
    {
      "icon_id": "10108107",
      "name": "73保洁人员2",
      "font_class": "baojierenyuan",
      "unicode": "e676",
      "unicode_decimal": 58998
    },
    {
      "icon_id": "10458086",
      "name": "车辆知会",
      "font_class": "cheliangzhihui",
      "unicode": "e63f",
      "unicode_decimal": 58943
    },
    {
      "icon_id": "11079056",
      "name": "开荒保洁",
      "font_class": "kaihuangbaojie2",
      "unicode": "e661",
      "unicode_decimal": 58977
    }
  ]
}
